{
  "name": "Road Trip Stop Planner",
  "nodes": [
    {
      "parameters": {
        "content": "## Road Trip Stop Planner",
        "height": 520,
        "width": 1100
      },
      "id": "7d536184-157c-4ea5-82ab-16a36039a093",
      "name": "Sticky",
      "type": "n8n-nodes-base.stickyNote",
      "typeVersion": 1,
      "position": [
        -500,
        -250
      ]
    },
    {
      "parameters": {
        "httpMethod": "POST",
        "path": "road_trip_stop_planner"
      },
      "id": "310516e2-6cf6-4f33-9b7d-64846b30b844",
      "name": "Webhook",
      "type": "n8n-nodes-base.webhook",
      "typeVersion": 1,
      "position": [
        -300,
        0
      ]
    },
    {
      "parameters": {
        "chunkSize": 400,
        "chunkOverlap": 40
      },
      "id": "ea4b0330-8d19-43d9-8217-aecc0fb695f7",
      "name": "Splitter",
      "type": "@n8n/n8n-nodes-langchain.textSplitterCharacterTextSplitter",
      "typeVersion": 1,
      "position": [
        -100,
        0
      ]
    },
    {
      "parameters": {
        "model": "default"
      },
      "id": "6053017d-4ff3-4dc3-b761-594b66511f4f",
      "name": "Embeddings",
      "type": "@n8n/n8n-nodes-langchain.embeddingsCohere",
      "typeVersion": 1,
      "position": [
        100,
        0
      ],
      "credentials": {
        "cohereApi": {
          "id": "COHERE_API",
          "name": "Cohere"
        }
      }
    },
    {
      "parameters": {
        "mode": "insert",
        "indexName": "road_trip_stop_planner"
      },
      "id": "a57a88e7-f41b-4fe4-8fe2-7ffa700e6e0f",
      "name": "Insert",
      "type": "@n8n/n8n-nodes-langchain.vectorStoreSupabase",
      "typeVersion": 1,
      "position": [
        300,
        0
      ],
      "credentials": {
        "supabaseApi": {
          "id": "SUPABASE_API",
          "name": "Supabase account"
        }
      }
    },
    {
      "parameters": {
        "indexName": "road_trip_stop_planner"
      },
      "id": "c1d0e07a-78d8-4991-a232-0e0a7a1b65dc",
      "name": "Query",
      "type": "@n8n/n8n-nodes-langchain.vectorStoreSupabase",
      "typeVersion": 1,
      "position": [
        300,
        -180
      ],
      "credentials": {
        "supabaseApi": {
          "id": "SUPABASE_API",
          "name": "Supabase account"
        }
      }
    },
    {
      "parameters": {
        "name": "Supabase"
      },
      "id": "c8ed4718-d847-4f29-a565-5324b8b0d1f2",
      "name": "Tool",
      "type": "@n8n/n8n-nodes-langchain.toolVectorStore",
      "typeVersion": 1,
      "position": [
        480,
        -180
      ]
    },
    {
      "parameters": {},
      "id": "37a5f80f-6429-44a5-ac60-59b2c283b30a",
      "name": "Memory",
      "type": "@n8n/n8n-nodes-langchain.memoryBufferWindow",
      "typeVersion": 1.3,
      "position": [
        480,
        -40
      ]
    },
    {
      "parameters": {},
      "id": "237ca8b6-c42d-4ff0-b449-b3a3f20be581",
      "name": "Chat",
      "type": "@n8n/n8n-nodes-langchain.lmChatAnthropic",
      "typeVersion": 1,
      "position": [
        480,
        -340
      ],
      "credentials": {
        "anthropicApi": {
          "id": "ANTHROPIC_API",
          "name": "Anthropic"
        }
      }
    },
    {
      "parameters": {
        "promptType": "define",
        "text": "={{ $json }}"
      },
      "id": "ec1a9e0a-e0b2-4828-a653-922679428060",
      "name": "Agent",
      "type": "@n8n/n8n-nodes-langchain.agent",
      "typeVersion": 1,
      "position": [
        760,
        -40
      ]
    },
    {
      "parameters": {
        "operation": "append",
        "documentId": "SHEET_ID",
        "sheetName": "Log"
      },
      "id": "ffb2326d-0718-4a1b-a3de-6eb3d1bc4cec",
      "name": "Sheet",
      "type": "n8n-nodes-base.googleSheets",
      "typeVersion": 4,
      "position": [
        960,
        -40
      ],
      "credentials": {
        "googleSheetsOAuth2Api": {
          "id": "SHEETS_API",
          "name": "Sheets"
        }
      }
    }
  ],
  "connections": {
    "Webhook": {
      "main": [
        [
          {
            "node": "Splitter",
            "type": "main",
            "index": 0
          },
          {
            "node": "Memory",
            "type": "main",
            "index": 0
          }
        ]
      ]
    },
    "Splitter": {
      "main": [
        [
          {
            "node": "Embeddings",
            "type": "main",
            "index": 0
          }
        ]
      ],
      "ai_textSplitter": [
        [
          {
            "node": "Insert",
            "type": "ai_textSplitter",
            "index": 0
          }
        ]
      ]
    },
    "Embeddings": {
      "ai_embedding": [
        [
          {
            "node": "Insert",
            "type": "ai_embedding",
            "index": 0
          },
          {
            "node": "Query",
            "type": "ai_embedding",
            "index": 0
          }
        ]
      ]
    },
    "Insert": {
      "ai_document": [
        []
      ]
    },
    "Query": {
      "ai_vectorStore": [
        [
          {
            "node": "Tool",
            "type": "ai_vectorStore",
            "index": 0
          }
        ]
      ]
    },
    "Tool": {
      "ai_tool": [
        [
          {
            "node": "Agent",
            "type": "ai_tool",
            "index": 0
          }
        ]
      ]
    },
    "Memory": {
      "ai_memory": [
        [
          {
            "node": "Agent",
            "type": "ai_memory",
            "index": 0
          }
        ]
      ]
    },
    "Chat": {
      "ai_languageModel": [
        [
          {
            "node": "Agent",
            "type": "ai_languageModel",
            "index": 0
          }
        ]
      ]
    },
    "Agent": {
      "main": [
        [
          {
            "node": "Sheet",
            "type": "main",
            "index": 0
          }
        ]
      ]
    }
  },
  "settings": {
    "executionOrder": "v1"
  }
}