{
  "name": "Visa Requirement Checker",
  "nodes": [
    {
      "parameters": {
        "content": "## Visa Requirement Checker",
        "height": 520,
        "width": 1100
      },
      "id": "2ac95194-ff1f-4720-8e5c-f21c7e344a47",
      "name": "Sticky",
      "type": "n8n-nodes-base.stickyNote",
      "typeVersion": 1,
      "position": [
        -500,
        -250
      ]
    },
    {
      "parameters": {
        "httpMethod": "POST",
        "path": "visa_requirement_checker"
      },
      "id": "765b16c9-1458-4756-a31b-ac4eb5c3ab90",
      "name": "Webhook",
      "type": "n8n-nodes-base.webhook",
      "typeVersion": 1,
      "position": [
        -300,
        0
      ]
    },
    {
      "parameters": {
        "chunkSize": 400,
        "chunkOverlap": 40
      },
      "id": "d3c71f7f-27f8-48ad-ac30-293647138afe",
      "name": "Splitter",
      "type": "@n8n/n8n-nodes-langchain.textSplitterCharacterTextSplitter",
      "typeVersion": 1,
      "position": [
        -100,
        0
      ]
    },
    {
      "parameters": {
        "model": "default"
      },
      "id": "c8fb7955-8c09-42d5-940f-ba84912d1b2f",
      "name": "Embeddings",
      "type": "@n8n/n8n-nodes-langchain.embeddingsCohere",
      "typeVersion": 1,
      "position": [
        100,
        0
      ],
      "credentials": {
        "cohereApi": {
          "id": "COHERE_API",
          "name": "Cohere"
        }
      }
    },
    {
      "parameters": {
        "mode": "insert",
        "indexName": "visa_requirement_checker"
      },
      "id": "ad8b5ada-6bd5-49c6-a51b-fe251cfbb9fd",
      "name": "Insert",
      "type": "@n8n/n8n-nodes-langchain.vectorStoreWeaviate",
      "typeVersion": 1,
      "position": [
        300,
        0
      ],
      "credentials": {
        "weaviateApi": {
          "id": "WEAVIATE_API",
          "name": "Weaviate account"
        }
      }
    },
    {
      "parameters": {
        "indexName": "visa_requirement_checker"
      },
      "id": "6e9db8d0-a986-416b-9e6a-4557c6b9a4e4",
      "name": "Query",
      "type": "@n8n/n8n-nodes-langchain.vectorStoreWeaviate",
      "typeVersion": 1,
      "position": [
        300,
        -180
      ],
      "credentials": {
        "weaviateApi": {
          "id": "WEAVIATE_API",
          "name": "Weaviate account"
        }
      }
    },
    {
      "parameters": {
        "name": "Weaviate"
      },
      "id": "c40282f2-0587-43b4-b1b5-f361b74dcb53",
      "name": "Tool",
      "type": "@n8n/n8n-nodes-langchain.toolVectorStore",
      "typeVersion": 1,
      "position": [
        480,
        -180
      ]
    },
    {
      "parameters": {},
      "id": "a7d1d0c6-18b8-4d76-9fdd-f5949b11d35b",
      "name": "Memory",
      "type": "@n8n/n8n-nodes-langchain.memoryBufferWindow",
      "typeVersion": 1.3,
      "position": [
        480,
        -40
      ]
    },
    {
      "parameters": {},
      "id": "720cbc6b-fce7-4461-abed-1bea45c2a24a",
      "name": "Chat",
      "type": "@n8n/n8n-nodes-langchain.lmChatAnthropic",
      "typeVersion": 1,
      "position": [
        480,
        -340
      ],
      "credentials": {
        "anthropicApi": {
          "id": "ANTHROPIC_API",
          "name": "Anthropic"
        }
      }
    },
    {
      "parameters": {
        "promptType": "define",
        "text": "={{ $json }}"
      },
      "id": "92f7c0e4-71e1-4028-bd25-c5571eb70d6a",
      "name": "Agent",
      "type": "@n8n/n8n-nodes-langchain.agent",
      "typeVersion": 1,
      "position": [
        760,
        -40
      ]
    },
    {
      "parameters": {
        "operation": "append",
        "documentId": "SHEET_ID",
        "sheetName": "Log"
      },
      "id": "16cd57fd-8a35-48a7-b386-86fbbcb20b54",
      "name": "Sheet",
      "type": "n8n-nodes-base.googleSheets",
      "typeVersion": 4,
      "position": [
        960,
        -40
      ],
      "credentials": {
        "googleSheetsOAuth2Api": {
          "id": "SHEETS_API",
          "name": "Sheets"
        }
      }
    }
  ],
  "connections": {
    "Webhook": {
      "main": [
        [
          {
            "node": "Splitter",
            "type": "main",
            "index": 0
          },
          {
            "node": "Memory",
            "type": "main",
            "index": 0
          }
        ]
      ]
    },
    "Splitter": {
      "main": [
        [
          {
            "node": "Embeddings",
            "type": "main",
            "index": 0
          }
        ]
      ],
      "ai_textSplitter": [
        [
          {
            "node": "Insert",
            "type": "ai_textSplitter",
            "index": 0
          }
        ]
      ]
    },
    "Embeddings": {
      "ai_embedding": [
        [
          {
            "node": "Insert",
            "type": "ai_embedding",
            "index": 0
          },
          {
            "node": "Query",
            "type": "ai_embedding",
            "index": 0
          }
        ]
      ]
    },
    "Insert": {
      "ai_document": [
        []
      ]
    },
    "Query": {
      "ai_vectorStore": [
        [
          {
            "node": "Tool",
            "type": "ai_vectorStore",
            "index": 0
          }
        ]
      ]
    },
    "Tool": {
      "ai_tool": [
        [
          {
            "node": "Agent",
            "type": "ai_tool",
            "index": 0
          }
        ]
      ]
    },
    "Memory": {
      "ai_memory": [
        [
          {
            "node": "Agent",
            "type": "ai_memory",
            "index": 0
          }
        ]
      ]
    },
    "Chat": {
      "ai_languageModel": [
        [
          {
            "node": "Agent",
            "type": "ai_languageModel",
            "index": 0
          }
        ]
      ]
    },
    "Agent": {
      "main": [
        [
          {
            "node": "Sheet",
            "type": "main",
            "index": 0
          }
        ]
      ]
    }
  },
  "settings": {
    "executionOrder": "v1"
  }
}